,,Обязательные,,Обязательные для текущего грейда,,,,,,,,,,,
,,Желательные,,Рекомендуемые на текущем грейде - становятся обязательными на следующем,,,,,,,,,,,
,,Дополнительные,,"Дополнительные на текущем грейде - не являются обязательными на следующем грейде, пока не указано явно",,,,,,,,,,,
,,Опционально,,"Не являются обязательными, но дают дополнительные баллы",,,,,,,,,,,
,,Включает все предыдущие компетенции,,Включает указанные предыдущие компетенции,,,,,,,,,,,
,,,,,,,,,,,,,,,
,,,,"Младший разработчик
Junior Engineer (E1)",,"Разработчик
Middle Engineer (E2)",,"Старший разработчик
Senior Engineer (E3)",,"Ведущий разработчик
Lead (Staff) Engineer (E4)",,,"Главный разработчик
Principal Engineer (E5)",,
,,,,E1.1,E1.2,E2.1,E2.2,E3.1,E3.2,E4.1,E4.2,E4.3,E5.1,E5.2,E5.3
Technical Skills,Tools,Git,"Понимание/использование базы. Модель бранчей, мержинг, сравнение изменений. Модель Git-flow, наша модель ветвления. Откат изменение. Fast-forward, rebase - и почему их нельзя испольовать",Использование любого UI клиента Git,"Комманды git:
- branch
- commit
- push","Состояния git:
- working directory
- stage area
- .git directory
- что они означают, что там хранится
Команды git:
- dif
- log
- reset
Резрешение конфликтов слияния:
- merge","Команды git:
- fetch
- merge
- cherry-pick","Модели ветвлений:
- Git Flow
- GilLab Flow (GitHub Flow)
- Pull request based
Для каких организаци разработки, какие модели больше подходят:
- для поддержки разных релизов
- для CI/CD
- для раздельных рапозиториев и команд",E1.1-E2.2,E1.1-E2.2,E1.1-E2.2,E1.1-E2.2,E1.1-E3.1,E1.1-E3.1,E1.1-E3.1
,,,,,"Команды git:
- pull
- регулярный merge изменений из основной ветки в свою feture ветку
Резрешение конфликтов слияния:
- merge",,,,,,,,,,
,,Maven,Знаниме базового инструмента управления зависимостями - Maven,"Основные теги maven: 
- dependencies
- plugins
Область видимости зависимости (scope):
- test
- compile","scope:
- runtime
- provided
properties:
- версии зависимостей","Организация мультимодульного проекта:
- type - pom
- dependencyManagement
- parent pom
- modules","Менеджмент плагинов:
- pluginsManagement
- конфигурация плагинов (execution, configuration, goals)
- жизненный цикл/фазы maven (clean, validate, compile, test, package, verify, install, site, deploy)
Остальные:
- repository","Maven - модель зависимостей - https://maven.apache.org/pom.html
Транзитивные зависимости:
- exclusion
- type pom
- type optional
Плагины:
- maven-compile-plugin
- maven-assembly-plugin
- maven-source-plugin
- maven-resource-plugin","Поиск транзитивных зависимостей с помощью 
- maven
- IDE (intelliJ)
Плагины:
- duplicate-finder-maven-plugin - поиск дубликатов зависимостей
- maven-enforcer-plugin - запрет определенных зависимостей
Кастомные properties
Mven CI friendly - https://maven.apache.org/maven-ci-friendly.html","- Maven Java API
- Плагины документации ascii, swagger
- знание разнообразных плагинов",E1.1 - E4.1,E1.1 - E4.1,E1.1 - E4.1,E1.1 - E4.1,E1.1 - E4.1
,Environment,Java Core,Знания базового инструмента - Java,"- Принципы и применение ООП
- Передача параметров по ссылке
- модификаторы и наследование (private, protected, public)
- автоупаковка типов","Коллекции:
- иерархия классов
- представители в каждом типе
- сортиовка и интерфейсы Comparable
Другое:
- типы исключений (иерархия)
- throw, throws, finally
- модификатор final (наследование клссов, методов, final перед перемеными, в параметрах методов)","- Object и его методы, модификатор native
- equeals и hashCode - Map (HashMap)
- equals и hashCode - правила переопределения
Reflection API:
- примеры применения
Аннотации:
- объявление аннотации и default
- @Retention vs @Target
- встроенные аннотации
- ограничения
 ","Generic (Обобщения):
- объявления (классыб методы)
- для чего применяется
- ограничения по extends и super  
- что такое стирание типов
Лямбда-выражения 
- функциональный интерфейс (аннотация @FunctionalInterface)
- захват переменной (можно ли менять значение захваченной переменной)
- ссылки на метод ::
- ссылки на generic метод ::<Integer>
Стандартные функциональные интерфейсы (UnaryOperator, BinaryOperator, Consumer, Supplier, Function, Predicate)","Java 8 Date-Time Api:
- LocalDateTime vs ZonedDateTime
- Instant, Clock
- LocalDateTime.now() - таймзона
- отличия от Date
- хранения в PostgreSQL (типы поддерживаемые драйвером)
String:
- equal() vs ==
Регулярные выражения и Matcher","Многопоточность:
- Синхронизаторы
-- synchronized
-- Lock и обработка InterruptedException
-- ReentrantLock
-- ReadWriteLock
-- другие синхронизаторы
- Примитивы
-- atomic
-- потокобезопасные коллекции (ConcurrentHashMap, CopyOnWriteArrayList)
-- Collections.synchronized - утилитные методы
- Unmodifable vs Immutable
- Asynchronous vs Parallelism
- Callable vs Runnable vs Future
- Executors
-- ThreadPoolExecutor (Single, Fixed, Cached, Scheduled)
-- их различия
Условия гонки:
- check-then-act
- read-modify-write",E1.1 - E4.3.2,E1.1 - E4.3.2,E1.1 - E4.3.2,E1.1 - E4.3.2,E1.1 - E4.3.2,E1.1 - E4.3.2
,,Framework (Spring / Spring Boot / Spring Cloud),Знания деталей фреймворка.,n/a (not applicable at this level),"- Что такое Inversion of Control
- Типы связывания бинов их приоритет (по типу, по id, по имени)
- Аннотация @Qualifier и @Autowired
- Способы внедрения зависимостей (через поле, конструктор, метод), предпотительный способ
- Области действия бинов, scope (singleton, prototype, session, request
- Аннотация @Value и значения по умолчанию
- Объявление DataSource и JdbcTemplate","Аннотация @Transactional - устройство
Виды прокси в Spring (по интерфейсу, по наследованию класса) - плюсы/минусы
Объявление бинов через аннотации:
- @Component
- @Service
- @Repository - что особенного в ней
Конфигурация бинов в Java:
- @Configuration и @Bean
- xml vs Java
Работа с профилями
Контроллеры REST:
- @Controller vs @RestController
- @ResponseBody
- @RequestMapping и его замены (@PostMapping, @GetMapping)
- Обработка ошибок и @ControllerAdvice и @ExceptionHandler
- обработка параметров и тела запроса
- RestTemplate","Инициализация Beans:
- XmlBeanDefinitionReader - чтение конфигурации
- составление BeanDefinition
- пособработка с BeanPostProcessor
- аннотации @PostConstruct и @PreDestroy
Как зарегистрировать свой бин в контексте
Автоваринг списка бинов
Циклические зависимости и аннотация @Lazy
Иерархия контекстов
-- root vs web - в чем отличие, какой из контекстов видит другой
-- Обмен сообщений внутри Spring - ApplicationEvent
Spring Expression Language SpEL
Кэширование и определение ключей кеширования
Spring AMQP и  Spring Cloud Streams","Spring Boot:
- отличия от Spring
- что такое автоконфигурация
- передача properties из вне
- @ConfigurationProperties и работа с ним
- логгирование (slf4j, logback) и настройка в boot
- интернационализация и MessageSource
- настройка DataSource и HikariCP через properties","Spring Boot:
- кэширование и провайдеры (Redis, Hzelcast, etc.)
- тестирование Spring Boot
Spring Boot Actuator:
- использование
- полезные эндпоинты
- разработка своих health-check
Spring Data:
- что такое JPA
- базовые аннотации
Spring Cloud (использование):
- Bus и RefreshScope бинов
- Service Discovery - иедя и использование
- Sleuth 
- Streams 
- что такое bootstrap фаза
- передача bootstrap из вне","Spring Boot:
- разработка авто-кофигураций (стартеров, spring.factories)
- отладка автоконфигураций (режим запуска в debug)
- Condition annotations для автоконфигураций
- EnvironmentPostProcessor - что это и когда выполняется
Spring Boot Actuator:
- тонкая настройка
Spring Cloud (знание деталей и тонкой настройки):
- Sleuth
- Streams
- Consul Discovery","Spring - работа в Docker контейнерах и возможности Spring для этого (Spring Cloud Kubernetes)
Знание и изучение других проектов семейства Spring Boot/Spring Cloud",E1.2-E4.2,E1.2-E4.2,E1.2-E4.2,E1.2-E4.2
,,,,,,,,"Spring Cloud (использование): 
- Sleuth 
- Streams 
- что такое bootstrap фаза
- передача bootstrap из вне",,,,,,,
,Quality & Testing,Coding & Refactoring,"Стандартные правила качественной разработки. Не относится к нашим стандартам. Наследование/композиция, разделение интерфейсов, легко тестируемый код. Уместное комментирование, структура кода, паттерны - знание, применение, уместное применение/понимание где нужно, принципы DRY, SOLID, разделение по слоям, абстракции.
Анализ кода, находить и устранять проблемы в коде, правильно расставлять приориеты. Выполнение оставленных TODO.
Писать код, который проходит quality gate при CI","Соблюдение Java code convention
Писать код в стиле принятом в проекте, даже если он не соответствует стандартам","Чистый код: 
- наименование классов, методов, переменных 
- должны отображать смысл решаемой проблемы, намерения разработчика
- компактные методы","Чистый код:
- комментирование классов - не то что делает, а какую проблему решает (намерение, а не реализация) 
- хорошие vs плохие коментарии
SOLID:
- SRP - понимание с примерами
- ISP - понимание с примерами
- написание тестируемых классов
GoF Design Patterns:
- типы паттернов (порождающие, структурные, поведенческие)
- общее знание, какие проеблемы решают
- Порождающие (Builder, Factory Method, Singleton) подробно с вариантами","SOLID:
- OCP - понимание с примерами
- DIP - понимание с примерами
GoF Design Patterns:
- Структурные (Adapter, Decorator, Facade, Proxy) подробно с вариантами
DRY:
- общее понимание","Слоевая модель (Clean Architecture aka Hexagonal Architecture):
- знание слоевой модели
- какие слои есть
- для чего предназначен каждый слой
- для чего вообще нужна слоевая модель
- полиморфизм из ООП
SOLID:
- LSP - понимание с примерами
GoF Design Patterns:
- Поведенческие (Chain of Responsibility, Command, Mediator, Observer, Strategy, Template Method) подробно с вариантами","DRY:
- применение при проектировании классов (фич)
- понимать, что относится не к повторению кода, а к повторению дреализаций домена
GoF:
- Strategy vs Chain of Responsibility
- варианты их реализаций
- где и как в Spring реализованы GoF паттерны
- примеры как в Spring реализовать паттерны
SOLID:
- OCP (Open Close Principle - O из SOLID) - применение при создании классов
- ISO (Interface Segregation Principle - I из SOLID) - применение при проектировании интерфейсов
- DIP (Dependency Injection Principle - D из SOLID) - применение при проектировании зависимостей классов
- LSP (Liskov Substitutio Principle - L из SOLID) - применение при проектированиие зависимостей классов","Слоевая модель (Clean Architecture aka Hexagonal Architecture):
- пример разбиения на слои
- направленность потока данных (http запрос, обработка, логика, запись в бд, ответ)
- направленность зависимостей между слоями (он же D из SOLID)","Слоевая модель (Clean Architecture aka Hexagonal Architecture):
- Application Layer - назначение, отличие от Domain и Api слоёв
- Interactor (Use Case) - какую ответственность несет. На каком слое интерфейс, на каком реализация ","Слоевая модель (Clean Architecture aka Hexagonal Architecture): 
- применение в проекте - рефакторинг в соответствии с моделью
- проектирование моудля и фич в сотоветствии со слоевой моделью","GRASP (general responsibility assignment software patterns):
- Informational Expert (Информационный эксперт)
- Creator (Создатель)
- Controller (Контроллер)
- Low Coupling (Слабое зацепление)
- High Cohesion (Высокая связность)
- Polymorphism (Полиморфизм)
- Pure Fabrication (Чистая выдумка)
- Indirection (Посредник)
- Protected Variations (Устойчивость к изменениям)
Связь GRASP с GoF, DRY, SOLID, DDD:
- с помощью чего покрываются 9 принципов",E1.1-E5.1,E1.1-E5.1
,,,,,"SOLID: 
- общее понимание 
GoF Design Patterns:
- типы паттернов (порождающие, структурные, поведенческие)
- общее знание, какие проблемы решают",,,,,,,,,,
,,Databases (SQL/NoSQL),"Написание запросов. План запроса. Оптимизация. Статусы транзакций. Диагностика медленных запросов. Партиционирование. NoSQL - какие есть, для каких задач какие применять. Redis, MongoDB, ElasticSearch. Хранилища данных - FTP, S3, Android File Storage. Комментирование таблиц. Построение индексов в ElasticSearch, как хранить локализованные данные.  ","Типы данных:
- целочисленные, вещественные, строковые, даты
SQL:
- SELECT, INSERT, UPDATE, DELETE, JOIN (виды),WHERE
- UPSERT - в PostgreSQL","Типы данных: 
- json, jsonb, 
- последовательности (sequence)
- кастомные типы и преобразование типов
SQL:
- HAVING (отличия where и having), 
- GROUP BY, DISTINCT
- LIKE vs ILIKE - сравнение строк
- EXISTS, ANY, ALL, SOME, IN","SQL:
- USING, TEMP TABLE, WITH
Процедуры:
- процедуры, функции, циклы, курсоры, CALL
DDL:
- CREATE, ALTER, DROP, TRUNCATE, COMMENT, RENAME
- IF EXISTS - специфичные DDL для PostgreSQL
PostreSQL (специфика):
- information_schema - для чего эта таблица, что там
Транзакции - что это, зачем нужны","Проектирование: 
- Нормальные Формы - 1,2,3
- ACID (Atomicity, Consistency, Isolation, Durability)
- внешние ключи (типы, производительность)
- триггеры
- схемы БД
Оптимизация:
- explain (понимание плана запроса)
- analize
- типы индексов (где какие использовать)","PostgreSQL (специфика):
- VACUUM, FULL VACUUM (и почему не надо самим запускать)
- REINDEX
- CONCURRENTLY - конкурентное создание/удаление индекса
Инструменты:
- pgpool
- extension
Оптимизация: 
- индекс (зачем), 
- explain и план запроса (понимание где нужны индексы) 
Версионные и блокировочные БД (deadlock)
- какие есть
- отличия подходов","Проектирование:
- уместная денормализация
Оптимизация:
- индексы - типы, как устроены, влияние на производительность
- транзакции (явные, неявные), 
- уровни изоляций транзакций
- статусы транзакций, id транзакции","Проектирование:
- партиционирование vs шардирование
- партиционирование
- индексы с партициями
- производительность чтения/записи в партициях
- репликация
Блокировки: 
- гранулярность
- режимы exclusive, shared
Мониторинг БД спец таблицы PostgreSQL: 
- pg_locks
- pg_stat_activity
- pg_stat_user_tables","PostgreSQL (специфика):
- WAL (write-ahead loggin)
- буферный кэш",E1.1-E4.2,E1.1-E4.2,E1.1-E4.2,E1.1-E4.2
,,,,,,,,,,,"NoSQL (опыт работы по задачам в проекте):
- Elasticsearch
- Redis
- oter",,,,
,,REST API,"OpenApi3 спецификация - знать, писать контракты, с примерами и валидацией (тоже пока обсуждается). Дизайн апи по методу Contract-First.. Разбираться, применять. API http статусы в соответствии с нашими стандартами. Различия REST Level 0, 1, 2.",,,,,,,,,,,,
,,AMQP,"Основные понятия очередей и протокола. Отличие протоколов AMQP, JMS. Сопосбы организации очередей. Брокеры RabbitMQ, Kafka их особенности и различия. DQL и Spring Cloud Streams.",,,,,,,,,,,,
,,Testing,"unit, integration, пирамида тестов от дядюшки Мартина Фаулера. Позитивные сценарии, граничные условия, негативные сценарии. Область покрытия. Тесты компонентов. Нагрузочные тесты (возможно). JUnit, Mockito, Testcontainers, WireMock, AssertJ, Spring Test, Spring Boot Test.",n/a (not applicable at this level),"Test Pyramid - знать, что это такое.
Покрытие unit-тестами (JUnit) отдельных задач:
- positive сценарии
Mockito - использование для unit-тестов. Mock-объекты для макетирования зависимостей. Аннотации @Mock (из Mockito), @MockBean (из Spring Boot Test)","Test Pyramid - понимать иерархию, иногда следовать принципам при написании тестов.
Покрытие unit-тестами разрабатываемго функционала:
- positive сценарии
- negative сценарии
Mockito - использование для unit-тестов. Spy-объекты (@SpyBean). Captor - для аргументов.
Узкие интеграционные тесты (narrow integration tests) - тестирование границ взаимодествия с внешним миром:
Testcontainers - запись/чтение БД
WireMock - вызовы других сервисов","Test Pyramid - понимать иерархию, часто следовать принципам при написании тестов.
Ревью покрытия тестами задач Junior-a.
Покрытие unit-тестами разрабатываемого функционала. positive, negative и edge сценарии.","Test Pyramid - постоянное следование принципам при написании тестов.
Mockito - Mock, Spy, Stub - различия и понимать где что нужно применять.
Интеграционные тесты:
- контроллеры с применением Spring Test Framework","Unit-тесты
Применение Spring Test Framework и JUnit для:
- тестирование автоконфигураций (стартеров)
- JUnit правила @Rule, @ClassRule, @MethodRule и их различия (@ExtendWirh для JUnit 5)
Интеграционные тесты:
Применение Spring Test Framework для:
- тесты Repository слоя с транзакционностью
- @SpringBootTest - тестирование крупных функциональных блоков (компонентов)","Интеграционные тесты и семейства Spring Test Framework
- Spring Security Test - тестирование прав и доступов
- Spring Cloud Stream Test
- Spring Integration Test","Contract Test:
Consumer-Driven Contract Test - понимение и применение подхода при взаимодействии с командами фронта и другими потребителями API модуля.
Тестирование AMQP",E1.2-E4.2,E1.2-E4.2,E1.2-E4.2,E1.2-E4.2
,Debugging & Observability,Debugging,"Умение пользоваться инструментами IDE, Логи, аггрегатор ошибок, трассировка, мониторинг, профилирование, pgbadger. Разные виды багов и методы их выявления. Понимать по набору данных от инструментов причины ошибок","Использовать простые инструменты IDE:
- breackpoint
- навигация по коду при отладке:
-- step over
-- step in
-- step out
- watches","Поиск причин, а не лечение симптомов
Использовать простые инструменты IDE:
- breackpoint с условиями
- изменение значений переменных в runtime
- сброс фрейма","Поиск причин, а не лечение симптомов
- писать локаничные debug логи с выводом состояний (значений параметров)
- вывод и чтение stacktrace","Поиск причин, а не лечение симптомов:
- проверки (Assertions) состояний переменных и инвариантов при написании кода
- использование аннтоаций @Nonnull, @Nullable для параметров и возвращаемых значений из javax (JSR-305)
- знать аннотации JSR-305, их различия и места применения. Реализацию от findbugs","Поиск причин, а не лечение симптомов
- подход бинарного поиска (делим код на 2 части, дебажим одну, дальше делим часть в которой нашли еще на 2)
- подход упрощения проблемы - убираем части кода, в которых нет бага. Пример fun f() = (g();h();k()) убираем вызовы g и h, так как баг проявляется в k. И так далее в глубину
- подход проверки гипотез тестами - берем простую гипотезу о баге, пишем простой тест. Если тест проходит, придумываем другую гипотезу. Процесс направлен на уменьшение вариантов проблем и упрощения гипотез","Поиск причин, а не лечение симптомов
- подход кластеризации багов - множество багов можно классифицировать по общим признакам. Таким образом можно проверять только по одному багу из каждого класса
- использование инструмента аггргации и классификаци багов sentry.io","Поиск причин, а не лечение симптомов
- использование инструментов трассировки запросов для поиска проблем при межмодульном взаимодействии (pinpoint, zipkin, jaeger)
- jmx - поиск причин блокировки потоков и ожидания потоков и этих мест по stacktrace
- использование pgBadger для поиска и оптимизации запросов БД","Поиск причин, а не лечение симптомов
- использование метрик grafana (jvm, cpu, threads, pools) для комплексного диагностирование проблем
- влияние ram, cpu, thrad states и db connections друг на друга - корреляция отклонений и анализ причины по корреляции
Комплексное применение инструментов мониторинда и отладки:
- debugger (IntelliJ)
- логи (файлы и ELK)
- трассировка запросов
- метрики (Grafana)
- аггрегатор ошибок (sentry)
- JMX (Java Mission Control или VisualVM) - состояния потоков
- оптимизация SQL (pgBadger)",E1.1-E4.2,E1.1-E4.2,E1.1-E4.2,E1.1-E4.2
,,Observability,"Всё что касается мониторинга/метрик. Понимание где нужно Gauge, где Timed, их отличия. Что такое RED/USE/Four Golden Signals. Что такое SLA бизнес-функционала. Правильно писать метрики, с пониманием, что они должны отображать. Локаничные.",n/a (not applicable at this level),n/a (not applicable at this level),"Общее представление о мониторинге и инструментах:
- что такое RPS
- grafana
- micrometer
- dropwizard
- Spring Boot Actuator
- Prometheus","Базовые примитивы (micrometer в частности):
- интерфейс Meter
- MeterRegestry и CompositeMeterRegistry
Метрики:
- Timed
- Counter
- Gauge
Их различия, ситуации где какие применять.
JMX:
- что это такое
- консоль JMX (Java Mission Contorl, VisualVM)
- как пользоваться
Настройка MetricsRegistry для вывода метрик:
- в JMX
- в Prometheus","Метрики:
- LongTaskTimer
- FunctionCounter
- FunctionTimer
- именование метрик
- тегирование метрик","Представление метрик:
- перцентили
- гитограммы
Влияние DistributionSummary на потребляемую память
Моделироание графиков в Grafana:
- функции Prometheus/Grafana
- тайм-серии
- способы усреднения значений
Spring Boot Actuator:
- настройка
- параметры для включения distributed представления своих метрик","Методы моделирования метрик
- RED
- USE
Их различия. Для каких представлений они используются
Выбор ключевого показателя RED метрик (т.е. что является основной характеристикой работы вашего модуля)
Моделирование бизнесовых метрик модуля (полезного функционала)
Spring Boot Actuator - Health метрики:
- существующие
- способы создания своих health-check-ов
","Метод Four Golden Signals:
- состав показателей
- что такое saturation, как его определять
Анализ проблем по метрикам - Sympthom vs Cause","Service Level Indictors (SLIs) &
Service Level Objectives (SLO):
- их определение для модуля
Service Level Agreement (SLA):
- что такое
- выделение бизнес-метрик модуля и определение границ SLA для них
Нагрузочне тесты для определения SLA","Site Reliability Engineering (SRE):
- что это такое
- принципы, практики, менеджмент
- реализация подходов для своего модуля совместно с командой DevOps",E2.1-E5.1,E2.1-E5.1
,,,,,,,,,,,,,E4.1,E4.2,
,Software Desing & Architecture,Domain (Undersanding Code),"Понимание предметной области. Основных объектов, аггрегатов. DDD. Предметная область за пределами команды, взаимодействие с другими предметными областями.",n/a (not applicable at this level),n/a (not applicable at this level),n/a (not applicable at this level),n/a (not applicable at this level),n/a (not applicable at this level),"Domain-Driven Design - знать общую концепцию (из книги)
- единый язык
- связь между модейлью и реализацией
- парадигмы моделирования
- изоляция предметной области
Знать предментую область своего модуля","Модель:
- ассоциации
- сущности (entity)
- объект-значение (отличия от сущности) (value-j,ject)
- службы (service) 
- модули (пакеты)
Вырашение жизненного цикла модели:
- агрегаты (agregate, agregate-root)
- фабрики (fabric)
- хранилища (repository)
Как работает fabric и repository с агрегатом
Корень агрегата
Представлять предметную область своего модуля в терминах DDD (выше)","Применение DDD в области:
- отделение сущностей от значений
- проектирование ассоциаций
- границы агрегатов
- выбор хранилищ
- создание объектов (фабрики)","Рефакторинг по модели: 
- уровни рефакторинга 
- извлечение понятий и изучении предметной области 
- моделирование неочевилных понятий 
- шаблон ""Cпецификация"" 
Анализ и применение на практике: 
- информативные интерфейсы 
- функции без побочных эффектов 
- утверждения (assertions) 
- понятие замкнутости операций 
- выдление неявных понятий 
- выделение поддоменов (в больших областях) 
- изолирование классов (низкая внешняя зависимость)","Шаблоны совместной разработки доменной модели:
- общее ядро
- заказчик-поставщик
- конформист
Интеграция с другими доменами:
- предохранительный уровень","Стратегии построения контекстов
Стратегическое проектирование - 6 принципов принятия решения
Дисциляция - улучшение модели и понятий:
- смысловое ядро
- схематическое ядро
- связные механизмы
- выделенное ядро
- абстрактное ядро
- выбор целей рефакторинга","Построение DDD модели предментной области.
Непрерывное улучшение модели по принципам  DDD.
Обучение команды"
,,,,,,,,,,,,,E4.1,E.4.2,E.4.1-E4.3
,,Software Architecture,"Различные принципы/методологии/модели/архитектуры/архитектуры взимодействий. По мере роста компетенции.
Идемпотентность и обаботка запросов/сообщений, RedLock, Transactional Outbox, Event Driven Architecture, Отложеннакя консистентность
CAP - теорема. SAGA. Паттерны взаимодействия корпоративных приложений",n/a (not applicable at this level),n/a (not applicable at this level),n/a (not applicable at this level),n/a (not applicable at this level),"Optimistic Lock
Pessimistic Lock
Clean Architecture - знание:
- что такое
- какие слои есть
- направление потока данных
- направление зависимостей в слоях","Что такое:
- Monolithic Architecure
- Service Oriented Architecture
- Microservices Architecture
Основные термины, участники, способы взаимодействия. Плюсы и минусы подходов.
Clean Architecture - часто применяет","Паттерны микросервисной архитектуры, группам и что в них входит:
- Decomposition
- Data management
- Cross cutting concerns
- Communication style (Idempotent Consumer в частности)
Clean Architecture - постоянно применяет","Паттерны микросервисной архитектуры:
- External API (API Gateway)
- Observability
- Service discovery
- Communication style (более глубоко)
- Idempotent Consumer - еще раз и реальные применения
- Reliability
- Security","Event-Driven Architecture:
- Концепция
- Пример реализации внутри сервиса
- Пример реализации при межсервисоном взаимодействии
- Eventual consistency
- SAGA
- Transactional Outbox
- Transactional log tailing
- Polling publisher","Паттерны микросервисной архитектуры:
- Deployment patterns (serverless в частности)","Event Sourcing - идея, подход, поток данных CQRS Domain Event","Pipeline Architecture
Serverless
Шаблоны интеграции корпоративных приложений
Single Point of Failure (SOPF) - их выявление в системе, анализ и предложения по устранению"
,,,,,,,,,,,,E3.1-E3.2,,E4.3,
,,Highload,"Классы нагрузок и шаблонов решения - отложенные задачи, шардирование, CQRS и т.д. (см. Highload Junior)",,,,,,,,,,,,
,Security,Security,"Опасные конструкции кода, безопасность api, взаимодействие с серверами авторизации, протоколы OAuth2, OpenId Connect. Их отличия, терминология. Дизайн перимтов/атрибутов своих модулей. Понимание и применение ABAC модели. Понимание различия RBAC, Permits, ABAC, ACL. HTTPS, CORS. Spring Security, Spring Boot Security, Тестирование безопасности в модулей Spring Security Test.",n/a (not applicable at this level),n/a (not applicable at this level),n/a (not applicable at this level),"Authentication vs Authorization - что означает и в чем отличие
Spring Security:
- роли в Spring и @Secured аннотация
- как использоавть @Secured
Basic authentication - протокол, как работает","Spring Security (базовый принцип):
- Filter и FilterChain - как работают
- DelegatingFilterProxy - для чего используется
- FilterChainProxy и SecurityFilterChain (там где начинает работать Spring Security)
- FilterChainProxy и маппинг запросов
- влияение порядка обработки
- Security Exceptions (ExceptionTranslationFilter) - как работает, как перехватывает исключения","Аутентификация (компоненты):
- SecurityContextHolder - иерархия и назвначение (SecurityContext, Authentication, Principal, Credentials, Authorities)
- другие компоненты и их назначение
- GrantedAuthority (roles, scopes) - высоко-уровневые доступы
- AuthenticationManager vs ProviderManager (асбтракция и реализация)
- AuthenticationProvider - для чего используется, место в иерархии механизма
- AuthenticationEntryPoint - для чего, как работает, может быть несколько","AuthenticationProvider
- и варианты провайдеров аутентификации (в общих чертах в Spring - username/password, SAML, CAS, JAAS, OAuth2, X.509)
AbstractAuthenticationProcessingFilter
 - как учавствует в процессе, каки есть реализации:
- на основе username/password (login page, base, digest)
- из бд (in-memory, jdbs, UserDetailsService, LDAP)
Pre-Authentication
- сценарий использования, принцип работы, понимание на примере с Request-Header","Авторизация:
- AccessDecisionManager мехнизм работы
- реализации Consensus vs Affirmative vs Unanimous
- голосования AccessDecisionVouter - принцип работы (пример с RoleVouter)
Consurrency:
- SecurityContext существует только в текущем потоке
- вспомогательные классы для поддержки Concurrency (DelegatingSecurityContextCallable, runnable, executor, scheduler...)","Протокол OAuth2:
- участники (user, client, auth-server, resource)
- 4 варианта, под какие кейсы подходят
- refresh token - принцип
- scopes что такое
OpenID Connect:
- отличия от OAuth2
- что определяет из OAuth2
- какие есть реализации OpenID Provider-ов
ACL vs RBAC vs ABAC","EBAC (Expression based access control) в Spring:
- встроенные выражения (hasRole, hasAuthority, hasPermission)
- как передавать параметры в ebac (встроенные principal и authentication, @P аннотация)
- @PreAuthorize с hasPermission и кастомная реализация PermissionEvaluator
ABAC:
- стандарт XCAML - принцип, иерархия объектов",E2.2-E5.1,E2.2-E5.1
Delivery,,"Оценка, декомпозиция","Декомпозиция, оценка, приоритезация. ""Оценка в рамках задачи, функционала, крупной фичи (эпик), при крос-взаимодействии. Статусы задачи в jira, понимание и работа с workflow задач (разработка, передача в тест, багтесты, хотфиксы в jira)
Ресерч - выбор решений из нескольких
https://github.com/tlbootcamp/tlroadmap/blob/master/skills/administrator/task-inbox.md""",,,,,,,,,,,,
,,Code Review Process,Cross-review,,,,,,,,,,,,
,,Gitlab CI,"Успешные прохождения pipeline, quality gate.",,,,,,,,,,,,
Soft Skills (Lead),Processes & Standards,,,n/a (not applicable at this level),"Уточнение всего с техническим наставником: инициативы, решения, вопросы и т.д.",n/a (not applicable at this level),n/a (not applicable at this level),n/a (not applicable at this level),Сопровождение outsource проектов,Инициативо по изменению технологий и правил разработки,,,Проработка стандартов и правил разработки,Разбор инцидентов и проработанные способы их предотвращения,E2.2-E5.1
,Technical Initiatives,Improvements,,n/a (not applicable at this level),n/a (not applicable at this level),n/a (not applicable at this level),Инициатива по развитию и внедрению своего проекта (конкретные задачи/решения взятые в работу),Разработка универсальных и полезных решений в своем проекте,,Инициирование внедрения технических решений в другие проекты (по согласованию с архитекторами),,,E1.1-E3.2,E1.1-E3.2,E1.1-E3.2
,,Techcome,,n/a (not applicable at this level),n/a (not applicable at this level),n/a (not applicable at this level),n/a (not applicable at this level),"- Инициирование обсуждений на техкомах с предложениями решений (учитываются взятые в работу по согласованию с архитекторами)
- Проведение техкомов на технические темы (результаты применения новых инструментов, подходов)",,E3.1-E3.2,E3.1-E3.2,E3.1-E3.2,E3.1-E3.2,E3.1-E3.2,E3.1-E3.2
,Mentoring,Mentoring,,n/a (not applicable at this level),n/a (not applicable at this level),n/a (not applicable at this level),n/a (not applicable at this level),Наставничество в своей команде,,Наставничество в других командах,,,"Развитие и обучение сотрудников:
- рекомендации по изучению технологий
- проведение семинаров / техкомов / консультаций
- сбор обратной связи по знаниям
",,
,,Certification,,n/a (not applicable at this level),n/a (not applicable at this level),n/a (not applicable at this level),n/a (not applicable at this level),n/a (not applicable at this level),n/a (not applicable at this level),n/a (not applicable at this level),Проведение аттестаций,,E4.2-E4.3,E4.2-E4.3,E4.2-E4.3
,,,,,,,,,,,,,,,
Soft Skills,,,,,,,,,,,,,,,
,,№,"Фундаментальные компетенции 
(минимальные требования)",,,,,,,,,,,,
,,1,Ответственность,"1. Может выделить достижения на работе (в учебе), то чего уже успел добиться; 
2. Может обозначить какие задачи перед ним поставлены.
3. Делает все задачи, которые дает PM (ОС от PM);",,"1. Может выделять достижения на работе, то, чего успел добиться
2. Делает все поставленные задачи точно в срок, если он сдвигается - предупреждает (ОС от PM, от аналитиков)
3. Понимает какие результаты от него ждут
4. Способен проанализировать сделанные ошибки, видит как внутренние, так и внешние причины",,"то же самое +:

Понимает каких результатов ждут от доверенного ему члена команды (в качестве наставника)",,"1. Может выделять достижения на работе, то, чего успел добиться
2. Делает все поставленные задачи, сам предлагает задачи для достижения целей бизнеса, обозначает сроки и контролирует выполнение.
3. Понимает какие результаты от него ждут
4. Способен проанализировать сделанные ошибки, видит как внутренние, так и внешние объективные причины;
5. Понимает какие результаты ожидаются от работы всей команды и чего ждут от него конкретно. ",,,,,
,,2,Клиентоориентированность,"1. Может назвать примеры помощи коллегам;
2. Понимает зачем нужно помогать коллегам.",,,,"то же самое +:

1. В большинстве случаев не возникают конфликты с коллегами, заказчиками или руководителем (ОС от PM)
2. Всегда решает спорные ситуации с коллегами в большинстве случаев самостоятельно (исключение - ситуации, где без третьей стороны точно не обойдись)",,,,,,,
,,3,Увлечённость делом,"1. Способен выделить плюсы в работе, но также видит и возможные минусы
2. Активно изучает необходимые технологии, следит за изменениями в своей сфере, ситуационно в смежных.",,,,"1. Способен выделить плюсы в работе, но также видит и возможные минусы
2. Активно изучает необходимые технологии, следит за изменениями в своей сфере, ситуационно в смежных областях.
3. Способен четко обозначить в каком направлении хочет развиваться (со стороны технологий, проектного управления и др.).",,"то же самое +:

1. Углубляется в изучение важных для команды/компании технологий, знает, куда нужно углублиться. 
2. Изучает новые практики, применяет их и новые технологии в соответствии с целями и потребностями бизнеса (ОС от PM)
",,,,,
,,4,Ориентация на результат,"1. Может обозначить какие задачи перед ним поставлены. 
2. При возникновении сложностей - ищет разные способы решения задачи, не бросает дело на полпути (+ОС от тимлида) ",,"1. Есть профессиональные цели. 
2. Знает как достичь эти цели. 
3. Планомерно двигается к их достижению
4. Есть критерии достижения цели (на что смотрит, чтобы понять, достигнута цель или нет). ",,,,,,,,,
,,,"Специальные компетенции 
(минимальные требования)",,,,,,,,,,,,
,,5,Обучаемость,"1. Читает проф книги / смотрит курсы /читает профильные статьи или публикации в интернете.
2. Может обозначить чему научился за n-ый промежуток времени, что нового узнал. ",,"1. Читает проф книги / смотрит курсы /читает профильные статьи или публикации в интернете.
2. Может обозначить чему научился самостоятельно, а что с помощью других (наставника, коллег и др.) за n-ый промежуток времени, что нового узнал. 
3. Применяет все, чему научился, на практике. Может привести пример. 
Учится новому с первого раза, не требуется многократное повторение со стороны наставника (ОС от наставника, PM) ",,,,"то же самое +:

2. Обучается самостоятельно - может обозначить чему научился самостоятельно за n-ый промежуток времени, что нового узнал. Применяет то, чему сам научился на практике. Может привести пример. 
3. Проявляет технические инициативы на основе того, чему научился самостоятельно, внедряет в работу других коллег/команд. Основывается на разборе инцидентов, анализе кейсов - практик других компаний. Оценивает риски и преимущества предлагаемых изменений (приводит пример).",,,"то же самое +

Самостоятельно организует и проводит техкомы",,
,,6,Аналитические способности,"1. Если возникает сложная для него задача - ищет возможные пути ее решения, активно спрашивает у наставника, ищет решение в интернете или др. 
2. Хорошо решает типичные для своего уровня задачи (ОС от наставника)",,"1. Если возникает сложная для него задача - самостоятельно ищет возможные пути ее решения.
2. Хорошо решает типичные и привычные для своего уровня задачи (ОС от тимлида",,,,"1. Сложные задачи решать интереснее чем типовые. Может обозначить почему они нравятся боольше. 
2. Способен анализировать возникшую проблему: выделяет причины возникновения проблемы, предлагает решения, чтобы исправить причины, а не следствия.",,,"то же самое +:

1. Анализирует возникшую проблему: выделяет возможные причины возникновения, понимает пути решения, оценивает итоговый результат, что можно было сделать лучше, предлагает ряд профилактических мер с целью предотвращения таких проблем в будущем. Выработал соотвествующие правила /инструкции. ",,
,,7,Способность работы в команде,"1. Хорошо выполняет рабочие задачи как самостоятельно, так и в команде (ОС от наставника и PM)
2. Может привести пример оказания помощи коллеге в рамках выполнения рабочей задачи.",,"
1. Активно взаимодействует с другими членами команды, оказывает повседневную помощь (ОС от PM) 
2. Может выделить плюсы и минусы работы в команде (первых больше) ",,"то же самое +:

1. Есть позитивный опыт наставничества (от 1 чел.) (ОС от новичков)",,"то же самое +:

1. Отмечает в большинстве только плюсы работы в команде, понимает, что без команды не достичь результата.
2. Помогает членам команды в достижении их результата - может привести примеры.  
3. Проводит код ревью коллег, знает что такое конструктивная обратная связь и как ее давать. (+ОС от коллег)        ",,,,,
,,8,Самокритичность,Способен выделить свои сильные и/или слабые стороны.,,,,"Способен четко выделить как слабые, так и сильные стороны. Знает как работать над слабыми (выделяет зоны развития)",,,,,"Четко и структурно выделяет сильные и слабые стороны оносительно выполнения разных профессиональных задач (разработка, коммуникации с коллегами, решение сложных вопросов, наставничество и др.), знает как работать над зонами роста.",,
,,,Дополнительные компетенции,,,,,,,,,,,,
,,9,"Готовность к изменениям, гибкость",-   ,,"Способен быстро переключиться с решения одной задачи на другую, если требуют обстоятельства (ОС от ПМ).",,"1. Способен эффективно работать в режиме многозадачности (ОС от ПМ)
2. Способен объяснить как работает над несколькими задачами одновременно, не забросив какую-либо из них.",,"то же самое +:

1. Знает как решать сложные ситуации. Может привести пример таковой. 
2. Умеет разрешать конфликтные ситуации. Может рассказать как решает, привести пример.",,,,,
,,10,"Креативность, вариантивность",-,,"Высказывает идеи по повышению эффективности работы микрогруппы /отдела. Доносит их PM, а также принимает активное участие в их реализации. (ОС PM)
Способен привести минимум 1 пример.",,,,"1. Высказывает идеи по повышению эффективности работы микрогруппы /отдела. (ОС PM). Предложил и самостоятельно реализовал минимум 2 свои идеи. 
2. Выработал и утвердил правила разработки в рамках задачи",,,,,
,,11,Стрессоустойчивость,"Принимает любую обратную связь по работе. Выслушивает ее, не отрицает, спрашивает как работать над ошибками или над тем, чего не хватает.",,"то же самое +:

Если возникает стрессовая ситуация (сложная ситуация, цейтнот или др.), все равно решает ее, обращается за помощью к ПМ или коллегам. (Может привести пример + ОС от ПМ)",,"1. Знает что делать в сложной/стрессовой рабочей ситуации. Может привести пример.
2. Эффективно решает задачи в ситуации цейтнота (ОС PM,коллег)
3. В стрессовой ситуации способен контролировать эмоции (нет конфликтов, криков, гнева, реакций ухода от проблемы) (ОС от коллег, PM)",,,,,"то же самое +:

Видит плюсы возникшей сложной ситуации, способен проанализировать ее с разных сторон, учитывает мнения всех участников, возможные варианты решения с целью выделения наиблее оптимального и эффективного.",,