Технические навыки (Tech Skills),,,,,,,
Навык/Вес,0 - no experience,1 - novice,2 - intermediate,3 - advanced,4 - expert,,
"Автоматизированное тестирование API, использование Jmeter, postman. ",Нет опыта,"Имеет некоторые теоретические знания и понимает основные принципы, может выполнять простые задания под сильным контролем.","Знает теорию на среднем уровне и может делать регулярные задачи / создавать артефакты, не будучи под постоянным присмотром. Требуется надзор в сложных ситуациях.","Имеет солидный опыт и знания, и может выполнять большинство реальных сложных задач. Контроль не требуется.","Имеет глубокое понимание и опыт в применении для задач любой сложности, знает подводные камни, может быть наставником.",,
"SQL (Dbeaver, Data Grip и другое)",нет опыта,Пишет простые запросы. Умеет настраивать соединение к различным типам БД. ,"Пишет составные запросы, Select, Update, Insert. Знает принцип построения Join запросов. Умеет выгружать данные из используемого клиента. ",Пишет сложные составные запросы. Умеет накатывать сложные скрипты от разработки. Имеет свою базу написанных запросов на поиск любой информации. ,"Умеет писать любые запросы, анализирует выполняемые скрипты, может разобрать сложные скрипты разработчиков для подготовки данных под запрос. Глубокие знания теории, может быть наставником у коллег по SQL. ",,
Консоль,нет опыта,"Подключение по SSH. 
Просмотр логов. 
Старт\стоп\Рестарт компонентов","Выкладка скриптов. 
Поиск, скачивание нужного лога.","Выполнение SQL запросов напрямую к базе. 
Просмотр статуса работы с базой. Отслеживание Локов. 
",Управление процессами ноды.,,
"Инструменты тестирования мобильных приложений. Android Studio, Charles.",Нет опыта,"Имеет представление для чего используется, может отловить запрос, идентифицировать свое устройство. ","Может выбрать инструмент наиболее подходящий под требования задачи, может настроить и обучить другого сотрудника. Тестирование на эмуляторах различных устройств с разным разрешением, версией ОС. ","Умеет отслеживать трафик приложения, подменять данные, умеет пользоваться доступными функциями эмулятора (эмулировать низкую скорость интернета и пр.)",Всё предыдущее + умеет пользоваться отладчиком кода для более точной локализации бага. ,,
Знание тестового ПО подразделения,"Нет знаний, не использовалось. ",Имеет некоторые теоретические знания и понимает основные принципы.,"Знает для чего используется какой инструмент, самостоятельно выбирает необходимый инструмент. Выбирает пути реализации.","Отличные знания всего Тестового ПО, может консультировать новичков по ПО. ","Отличные знания всего Тестового ПО, может консультировать новичков по ПО. Ищет если нужно более современные инструменты, оптимизирует работу с имеющимися инструментами, консультирует новичков. Знает возможности инструментов, плюсы и минусы. ",,
,,,,,,,
,,,,,,,
,,,,,,,
Социальные навыки (Soft Skills),,,,,,,
Навык/Вес,0 - no experience,1 - novice,2 - intermediate,3 - advanced,4 - expert,,
Ответственность,опыт отсутствует,"Чувствует ответственность за свои задачи, пытается сделать их с хорошим качеством. Тем не менее не заботится о том, что вокруг (""моя задача выполнена, и она работает, кто-то другой отвечает за дальнейшей части"").","Чувствует ответственность за успех выполнения своей задачи. Помогает другим, если задача непосредственно влияет на качество его работы. В случае возникновения проблем, поставит PM / TL в известность, для того, чтобы исправить проблемы.","Полностью отвечает за успех выполнения задачи, которую он делает, в том числе не только его конкретной работы, но помогает другими заинтересованными людям выполнять качественно свою часть работы. Готов принять и принимает всю ответственность.","При выполнении своей работы, всегда держит в уме успех всего проекта. Избегает простых решений, если они могут негативно повлиять на проект в будущем. Помогает решать проблемы, даже если они непосредственно не касаются его области ответственности.",,
Коммуникации,опыт отсутствует,"Требуется время, чтобы выразить свои мысли. Может быть оскорбительным из-за отсутствия такта и опыта. Может бояться написать / позвонить другому члену команды, чтобы решить некоторые проблемы.","Может общаться по рабочим темам без эскалации, может донести мысли в разумные сроки. Не всегда реагирует на чужие аргументы в разумных пределах, но пытается решить непонимание, если таковое имеется.","Способен четко выразить мысли, стараясь быть вежливым и избежать потенциально опасных тем. Реагирует на чужие аргументы / критику в разумных пределах. Пытается исправить проблемы. Поддерживает хорошие отношения с заказчиком и членами команды.","Эксперт в области коммуникаций. Способен устанавливать связь наиболее эффективным способом: ясен, краток, вежлив, убедителен. Конструктивный подход к чужому мнению. Может быстро установить дружеские отношения с заказчиками и членами команды, может решить узкие вопросы без эскалации. Регулирует собственную коммуникацию в соответствии с культурным контекстом.",,
Стрессоустойчивость,опыт отсутствует,Не может действовать в условиях стресса.,"Стрессовыми ситуациями для него являются: регулярные мероприятия, релизы, срочные вопросы, несколько одновременных приоритетных задач. Нуждается в помощи для их успешного решения. ","Может успешно справляться с такими стрессовыми ситуациями, как: регулярные мероприятия, релизы, срочные вопросы, несколько одновременных приоритетных задач. Но не может справиться с более высокой нагрузкой и частой эскалацией проблем.","Способен противостоять постоянной эскалации проблем (особенно таких, как недовольство заказчика), может выдерживать очень высокую нагрузку. Время от времени нужны перерывы для восстановления.",,
Сотрудничество и координация действий,опыт отсутствует,"Нет желания работать в команде, стремится получить индивидуальные задания.","Умеет работать в команде, понимает необходимость совместной работы и возможность работать в координации с другими. С другими обращается честно и справедливо, показывает внимание и уважение.","Умеет работать в команде, в состоянии координировать, но только в короткие периоды и простые задачи, старается избегать длительной координации действий. Обеспечивает поддержку сотрудников и равноправие, а не конкуренцию.","Может быть лидером во всех ситуациях, не нуждается во внешней помощи. Руководит членами команды для достижения задач, целей, координирует процессы и стандарты работы. Признает достижения членов команды.",,
Наставничество,опыт отсутствует,"Никогда не пытался обучать кого-то, или пытался, но не удалось.","Может организовать изучение материалов по определенным темам. Имеет некоторый опыт в обучении людей, выступал в качестве куратора новичка.","Может организовать изучение материалов во всех соответствующих областях, способен передать знания всем адекватным людям. Успешно может обучать 2+ человек.",Постоянно в поиске инновационных способов организации изучения материалов для обучения других сотрудников. Находит наиболее эффективные пути для проведения тренингов. Может наладить процесс передачи знаний внутри команды.,,
Делегирование,опыт отсутствует,Не может и / или не хочет делиться любыми своими задачами.,"Может делегировать задачи коллегам, предоставляет требуемую для выполнения задачи информацию. На достаточном уровне объясняет, в чём суть задачи. Контролирует выполнение задачи.","При постановке задач коллегам учитывает их особенности, формулирует и ставит задачу исходя из них. На требуемом уровне регулярности следит за выполнением, своевременно помогает, следит за сдерживанием сроков и качеством, даёт полезную обратную связь по результатам выполнения задачи. ","Всё перечисленное в пунктах 1-3, и помимо этого сотрудникам приятно работать с поставленными им задачами.",,
Самостоятельность,опыт отсутствует,"Может работать над задачей, если она разделена на очень подробные подзадачи. Задает вопросы, даже если не трудно найти ответы самостоятельно.","В основном в состоянии самостоятельно работать в определенных областях. Требуется небольшой контроль (отслеживание контрольных точек сроков и качества выполнения). При недостатке информации понимает это, своевременно задаёт вопросы и эскалирует проблемы.",Способен работать полностью независимо в определенных областях. Обеспечивает регулярную обратную связь об обновлении прогресса. Способен самостоятельно принимать решения.,"Умеет работать полностью независимо, нужен всего лишь доступ к информации.",,
Тайм-менеджмент,опыт отсутствует,"Имеет трудности с планированием, может увлечься процессом, не смотря на сроки. Может не уведомить своевременно о пропущенных сроках завершения задач или иных проблемах.","Умеет оценивать разные задачи, своевременно сообщает о возможных срывах сроков и причинах, иных проблемах. Может работать с несколькими задачами, но нуждается в советах в расставлении приоритетов.","Способен вести список краткосрочных и долгосрочных задач, расставлять приоритеты, способен решить в срок все краткосрочные задачи, некоторые ограничения с долгосрочным планированием. Нет необходимости в промежуточном контроле.","Может прекрасно планировать и решать в срок любые задачи. Может работать с параллельными проектами / деятельностями не связанных с проектами, такими, как презентации, исследования, и т.д.",,
Общее отношение к работе,опыт отсутствует,"Имеет проблемы с производительностью, необходимо подталкивать сделать что-то в правильном направлении.","Регулярно работает. Деятель. Однако редко проявляет инициативу, редко повышает результаты.",Всегда обдумывает и анализирует подходы к своей работе. Своевременно предлагает и реализует улучшения рабочего процесса.,"Энтузиаст, проактивный в своем подходе к работе. Адаптирует процессы под потребности проекта / людей.",,
,,,,,,,
,,,,,,,
,,,,,,,
,,,,,,,
Навыки в тестировании,0 - no experience,1 - novice,2 - intermediate,3 - advanced,4 - expert,,
Ручное тестирование,,,,,, ,
Тестирование по готовым чек-листам,опыт отсутствует,Имеет небольшой опыт прохождения чек-листов.,"Имеет большой опыт (от 0,5 лет) регулярного прохождения чек-листов.","Находит по тестам косвенные баги, правит тесты на лету, умеет смотреть ""по сторонам"" от проходимых чек-листов","При прохождении применяет аналитические знания, в состоянии найти проблемы даже без глубокого понимания бизнес-логики приложения. Создает новые идеи проверок на основе текущих и предсказывает возможные проблемы.",,
Тест-анализ,опыт отсутствует,"Понимает, что такое тест-анализ","Использовал на проектах тест-анализ, умеет анализировать незнакомые продукты.",Много и успешно использовал на проектах тест-анализ. ,"Использует постоянно в практике все основные техники тест-анализа, является экспертом в их использовании.",,
Тестирование требований,опыт отсутствует,"Понимает, что такое тестирование требований, когда нужно, когда применимо.
Выясняет вопросы, исследует зависимости.","Знает основные критерии для требований, умеет определять соответствие требований этим критериям.
Имеет практический опыт в анализе и тестировании требований.","Имеет успешный опыт тестирования требований.
Способен выполнять полный цикл анализа и тестирования требований, выполняет глубокий анализ требований на основе специфики продукта (разъясняет вопросы, исследует бизнес-логику, вносит предложения, как улучшить приложение); не требуется дополнительный контроль.",Имеет большой успешный опыт тестирования требований (от года).,,
Исследовательское тестирование,опыт отсутствует,"Умеет самостоятельно тестировать незнакомый продукт без тестовой документации.
В состоянии найти дефекты пользовательского интерфейса и некоторых очевидных дефектов, связанных с логикой в хорошо известных приложениях; некоторые серьезные проблемы могут быть пропущены, если нет контроля.","Умеет самостоятельно тестировать незнакомый продукт без тестовой документации.
В состоянии найти большинство дефектов пользовательского интерфейса и очевидных дефектов, связанных с логикой в хорошо известных приложениях","Успешно проводит тестирование продукта без тестов, знаком с основными чит-листами, находит много ошибок в свободном тестировании.
Предсказывает, какие области могут быть затронуты новым функционалом, анализирует причины с разработчиками и / или QA командой; процент пропущенных дефетов является очень низким и среди них нет критических.","Знаком с основными методами исследовательского тестирования, быстро вникает в продукт, находит много критичных для пользователей ошибок.
Способен найти скрытые зависимости в приложениях; находит критические дефекты, связанные с бизнес-логикой.",,
Документирование,,,,,,,
Написание чек-листов,опыт отсутствует,"Имеет понимание, как разрабатываются чек-листы, знает, для чего они нужны","Имеет опыт работы с чек-листами, разрабатывал чек-листы","Разрабатывал чек-листы, которые использовались на проекте, умеет дорабатывать чужие чек-листы, проводит ревью","Разрабатывал чек-листы, способен написать чек-лист в рамках бизнес-сценариев по всему проекту",,
Написание тест-кейсов,опыт отсутствует,"Знает, как выглядят формальные тестовые сценарии.
Понимает основные принципы, может выполнять существующие тест-кейсы и писать свои по шаблону","Знает, как выглядят формальные тестовые сценарии.
Способен обновить существующие и написать тест-кейсы. ","Знает, как должен выглядеть тест-кейс, его структуру / формат; способен создать список тест-кейсов, который охватывает все возможные сценарии. ",К тест-кейсам не возникает вопросов у остальных участников команды. Тест-кейсы сожержат исчерпывающую информацию и при этом не перегружены.,,
Разработка тестовой документации фичам,опыт отсутствует,Имеет опыт работы по написанию тестовой документации в рамках небольших фич,Имеет опыт поддержки и актуализации тестовой документации. Учитывает существующую документацию в тестировании.,"Умеет разрабатывать тестовую документацию на основе аналитики. 
Способен определить недостатки документации, способен поддерживать и обновлять документацию со значительными изменениями; собирать необходимую информацию.","Умеет разрабатывать, поддерживать и ревьюить чужую тестовую документацию. 
Имеет понимание того, что она должна содержать.",,
Локализация и документирование дефектов,опыт отсутствует,Умеет заводить понятные дефекты по шаблону.,"Работал с системами баг-трекинга, заводит понятные ошибки.","Точно локализует причины большинства ошибок, локализует, генерализирует, предоставляет всю требуемую информацию.","Умеет читать код передаваемый в тест, найти ошибку в коде, скрипте. ",,
Платформо-ориентированное тестирование,,,,,,,
Тестирование веб-сервисов,опыт отсутствует,Понимает архитектуру веб-систем и особенности веб-тестирования.,"Использует инструменты веб-тестирования (браузерные, сетевые и т.д.).",Понимает архитектуру и разбирается в межмодульных взаимосвях в рамках модулей своей команды. С помощью инструментов для веб-тестирования может с высокой точностью локализовать проблему,Пункты 1-3 плюс понимает архитектуру и межмодульные взаимосвязи всего приложения,,
Тестирование мобильных приложений,опыт отсутствует,Тестировал мобильные приложения.,"Знает принципы юзабилити, специфичные для всех мобильных платформ, знает инструменты виртуализации для мобил.","Участвовал в тестировании мобильных проектов (минимум по 1 на платформах iOs, Android).",Участвовал в тестировании мобильных проектов на разных платформах. Хорошо понимает их специфику.,,
,,,,,,,
Должность,Младший инженер-тестировщик,,Инженер-тестировщик,, Ведущий инженер-тестировщик,,Старший инженер-тестировщик
Аттестационный балл ,19,,43,,62,,78
,,,,,,,
,,,,,,,
,,,,,,,
,,,,,,,
,,,,,,,
,,,,,,,
,,,,,,,
,,,,,,,
Навыки в технической области,,,,,,,
"Автоматизированное тестирование API, использование Jmeter, postman. ",,0,,,,,
SQL,,,,,,,
Знание тестового ПО подразделения,,,,,,,
"Инструменты тестирования мобильных приложений. Android Studio, Charles.",,,,,,,
Консоль,,,,,,,
Навыки в тестировании,,,,,,,
Ручное тестирование,,0,,,,,
Тестирование по готовым чек-листам,,,,,,,
Тест-анализ,,,,,,,
Тестирование требований,,,,,,,
Исследовательское тестирование,,,,,,,
Документирование,,,,,,,
Написание чек-листов,,,,,,,
Написание тест-кейсов,,,,,,,
Разработка тестовой документации фичам,,,,,,,
Локализация и документирование дефектов,,,,,,,
Платформо-ориентированное тестирование,,,,,,,
Тестирование веб-сервисов,,,,,,,
Тестирование мобильных приложений,,,,,,,
Социальные навыки (Soft Skills),,,,,,,
Ответственность,,0,,,,,
Коммуникации,,,,,,,
Стрессоустойчивость,,,,,,,
Сотрудничество и координация действий,,,,,,,
Наставничество,,,,,,,
Делегирование,,,,,,,
Самостоятельность,,,,,,,
Тайм-менеджмент,,,,,,,
Общее отношение к работе,,,,,,,
Итог,,0,,,,,