Легенда,,,,,,,,,
,Обязательные,,Обязательные для текущего грейда,,,,,,
,Желательные,,Рекомендуемые на текущем грейде - становятся обязательными на следующем,,,,,,
,Дополнительные,,"Дополнительные на текущем грейде - не являются обязательными на следующем грейде, пока не указано явно",,,,,,
,Опционально,,"Не являются обязательными, но дают дополнительные баллы",,,,,,
,Включает все предыдущие компетенции,,Включает указанные предыдущие компетенции,,,,,,
,,,,,,,,,
,,,,,,,,,
,,,,"Младший Инженер Автоматизации Тестирования
Junior AQA Engineer (E1)",,"Инженер Автоматизации Тестирования
Middle AQA Engineer (E2)",,"Стариший инженер Автоматизации Тестирования
Senior AQA Engineer (E3)",
,,,,E1.1,E1.2,E2.1,E2.2,E3.1,E3.2
Technical Skills,Инструменты,Git,,Использование клиента Git в IDE,E1.1,"Комманды git:
- branch
- commit
- push","Резрешение конфликтов слияния:
- merge","Команды git:
- fetch
- merge
- cherry-pick",E1.1 - E3.1
,,,,,,"Команды git:
- pull
- регулярный merge изменений из основной ветки в свою feture ветку
",,,
,,Maven,,n/a (not applicable at this level),n/a (not applicable at this level),"Основные теги maven: 
- dependencies
- plugins
Область видимости зависимости (scope):
- test
- compile","scope:
- runtime
- provided
properties:
- версии зависимостей","Maven - модель зависимостей - https://maven.apache.org/pom.html
Транзитивные зависимости:
- exclusion
- type pom
- type optional
Плагины:
- maven-compile-plugin
- maven-surefire-plugin",E1.1 - E3.1
,,Colsole,,"1. Умеет подключаться по SSH, знает программы для подключения в той ОС которую использует.
2. Умеет переходить к нужным папкам и файлам, просматривать и редактировать нужные файлы.
3. Умеет открывать FTP соединение, копировать файлы и папки на удаленный сервер или к себе
 на компьютер, знает программы для подключения в той ОС которую использует.
4. Может настроить OpenVPN соединение","1. Умеет просматривать и управлять системными процессами.
2. Умеет устанавливать необходимое ПО с помощью менеджера приложений, из пакетов, и скачивая на комп 
дистрибутивы.
3. Умеет находить нужные файлы и папки, по названию, содержимому или другим признакам,  использует piping 
и wildcards
4. Умеет работать с файловой системой, создание, удаление и просмотр файлов и папок.
5. Знает как посмотреть информацию о системе, может определить  свободное место на диске, свободную память, 
получить информацию о сетевых интерфейсах.","1. Понимает принципы работы DNS, маршрутизации.
2. Умеет управлять службами с помощью systemctl
3. Понимает значение многих ошибок, умеет гуглить и искать решение.",E1.1 - E2.1,E1.1 - E2.1,E1.1 - E2.1
,,Postgres,,"1. понимание что такое БД 
2. Знания как зайти в БД тестовых сред. Найти нужную таблицу. 
3. Простые select запросы. 
4. Понимание различий в типах данных.","1. Понимание взаимосвязей таблиц. 
2. объединение таблиц. join запросы. Группировки, 
3. Операторы LIKE, Between и другие. 
4. SQL инъекции","1. Индексы
2. транзакции
3. функции. ",E1.1 - E2.1,E1.1 - E2.1,E1.1 - E2.1
,,Kubernetes,,n/a (not applicable at this level),"1. Знает что такое k8s, для чего используетя. 
2. Знает как зайти в k8s-local.cdek и посмотреть работающие сервисы на определённой среде.
3. Знает как осущетсвляется деплой модулей на среду, 
","1. Умеет пользоваться фильтрами в opensearch и искать лог по нужным ключам.
2. Знает основные понятия (master, nodes, pod, cluster, namespace).
3. Знает основы контейнеризации приложений, зачем нужен Docker.
4. Знает где смотреть логи модуля работающего в k8s, как рестартовать сервисы.","1. Умеет пользоваться kubectl, знает основные команды.
2. Может локально развернуть модуль в k8s, docker",E1.1 - E2.2,Может настроить свой модуль в кубах для автоматизации тестирования
,,Consul,,n/a (not applicable at this level),"1. Определение и понимание Service discovery
2. Что такое консул
3. Что такое ноды, доменное имя, health check
4. Регистрация в консуле. ","1. Просмотр конфигов модуля.
2. Изменение конфигов модуля
3. Перерегистрация модуля. 
",E1.1 - E2.1,E1.1 - E2.1,E1.1 - E2.1
,,Swagger,,n/a (not applicable at this level),"1.Знает о существовании инструмента
2.Может найти api необходимых модулей",1.Знает Swagger Core (Спецификацию в JAVA)*,E1.1 - E2.1,E1.1 - E2.1,E1.1 - E2.1
,Окружающая среда,AT-library,,"1. Знает Шаги для написания автотестов
2. Самостоятельно пишет автотесты в проекте
3. Запускает полный прогон и один тест
4. Знает где посмотреть прохождение теста в Zephyr и ReportPortal
5. Запускает модуль из нужной ветки с нужным номером билда в докере/кубах 
6. Знает как включать/выключать логи
7. Умение работать с миграциями","1. Умеет самостоятельно отладить тест
2. Умеет самостояетельно настроить Java/Maven/IDEA
3. Проставляет тэги
4. Запускает тесты по тегам
5. Умеет написать оптимальный Селектор к WEB элементу (XPATH|CSS)
6. Записывает нужные скриншоты для Тестов
7. Пользуется параметрами запуска автотестов","1. Может самостоятельно настроить автоматизацию для модуля
2. Может написать дополнительный Шаг для автоматизации
3. Проводит ревью автотестов
4. Вносит изменения в инструкции по автоматизации, следит за актуальностью
5. Настраивает доступ в ReportPortal для команды
6. Может выполнить актуализацию всех тестов модуля/рефакторинг/перезапись всех скриншотов 
7. Настраивает интеграцию с Zephyr",E1.1 - E2.1,"1. Отвечает на все вопросы связанные с автоматизацией в команде
2. Проводит ревью Шагов для автотестов
3. Умеет вносить изменения в Фрэймворк автоматизации
4. Понимает как устроена AT-Library
5. Настраивает CI|CD модулей",E1.1 - E3.1
,,Java Core,,n/a (not applicable at this level),n/a (not applicable at this level),"ООП:
- принципы и применение
- модификаторы доступа
private, default, protected, public
- модификаторы класса (метода, поля) static, final
Исключения
- иерархия исключений 
- обработка исключений
Структуры данных
- иерархия классов
- представители в каждом типе
- Collection и Map
- String и основные методы
Типы данных
Object и основные методы","Коллекции:
- иерархия классов
- представители в каждом типе
- сортиовка и интерфейсы Comparable
Другое:
- типы исключений (иерархия)
- throw, throws, finally
- модификатор final (наследование клссов, методов, final перед перемеными, в параметрах методов)","Функциональное программирование
- Stream Api
- Atomic types 
- optional
- лямда выражения
Интерфейсы и абстрактные классы
- Абстрактные методы
- Наследование и имплементация
Иерархия наследования и преобразование типов
StringBuffer\StringBuilder","Многопоточность
- потокобезопасные коллекции
- immutable объекты
Паттерны проектирования"
,,Cucumber framework,,"Создавать файлы features
Проставлять тэги",E1.1,"Класс Runner как запускается
CucumberOptions:
- tags
- features
- glue
- plugin
- name 
- strict ","Уметь делать запуски по тэгам
Уметь писать аннатации к стэпам
Применять регулярные выражения:
- .*
- .{1,3}
- ""[^\""]*""
Уметь применять таблицы значений","Умение применять многострочные аргументы
Оптимизировать тесты в Структуры сценариев
Использование hooks
Пользоваться Тэгами порядка выполнения Before After
",E1.1 - E3.1
,,Spring boot framework,,n/a (not applicable at this level),n/a (not applicable at this level),n/a (not applicable at this level),"- Что такое Inversion of Control
- Типы связывания бинов их приоритет (по типу, по id, по имени)
- Аннотация @Qualifier и @Autowired
- Способы внедрения зависимостей (через поле, конструктор, метод), предпотительный способ
- Области действия бинов, scope (singleton, prototype, session, request
- Аннотация @Value и значения по умолчанию
- Объявление DataSource и JdbcTemplate
","Аннотация @Transactional - устройство
Виды прокси в Spring (по интерфейсу, по наследованию класса) - плюсы/минусы
Объявление бинов через аннотации:
- @Component
- @Service
- @Repository - что особенного в ней
Конфигурация бинов в Java:
- @Configuration и @Bean
- xml vs Java
Работа с профилями

","Работа с профилями
"
,,Selenium + Selenide,,Умение пользоваться WEB шагами,E1.1,"1. Различия между браузерам
2. iframe и как с ним работать","1. Настройка параметров Драйвера
- Имплисит и эксплисит wait в вебдрайвере.
2. Как обрабатывать alerts браузера
3. Взаимодействие с cookies, LocalStorage и SessionStorage","Выполнение JS методов
Использование нескольких Локаторов
Оси Xpath
Явные Неявные ожидания
Работа с вкладками","Работа с localstorage
Работа с sessionstorage
Преобразование Драйверов"
,Качество и тестирование,Debugging,,"Уметь отлаживать тест
Уметь выставить уровено логов
Понять в чем проблема в логах",E1.1,"Уметь пользоваться отладчиком IDE
Уметь делать это самостоятельно",E2.1,"Уметь правильно скорректировать Шаг
Уметь отладить шаги в параллели
",E3.1
Soft Skills,Процессы и стандарты,,,n/a (not applicable at this level),"Уточнение всего с техническим наставником: инициативы, решения, вопросы и т.д.",n/a (not applicable at this level),n/a (not applicable at this level),n/a (not applicable at this level),Помощь в проектах других команд
,Технические инициативы,,,n/a (not applicable at this level),n/a (not applicable at this level),n/a (not applicable at this level),Инициатива по развитию и внедрению автотестовых проектов лоя своих модулей ,Разработка универсальных и полезных решений в своем проекте,
,,,,n/a (not applicable at this level),n/a (not applicable at this level),n/a (not applicable at this level),n/a (not applicable at this level),"- Инициирование обсуждений на техкомах с предложениями решений (учитываются взятые в работу по согласованию с архитектором)
- Проведение техкомов на технические темы (результаты применения новых инструментов, подходов)",
,Наставничество,,,n/a (not applicable at this level),n/a (not applicable at this level),n/a (not applicable at this level),n/a (not applicable at this level),Наставничество в своей команде,
,,,,n/a (not applicable at this level),n/a (not applicable at this level),Быть Наставником для начинающих специалистов,,,
,,,,,,,,,
,,,,,,,,,
Оценка,,,,,,,,,
,,,,,,,,,
,,,,"Младший Инженер Автоматизации Тестирования
Junior AQAEngineer (E1)",,"Инженер Автоматизации Тестирования
Middle AQA Engineer (E2)",,"Старший инженер Автоматизации Тестирования
Senior AQA Engineer (E3)",
,,,,E1.1,E1.2,E2.1,E2.2,E3.1,E3.2
Technical Skills,Инструменты,Git,,1,0,1,1,2,
,,,,,,1,,,
,,Maven,,0,0,2,1,1,
,,Colsole,,1,1,1,,,
,,Postgres,,1,1,1,,,
,,Kubernetes,,,1,1,1,,1
,,Consul,,,1,1,,,
,,Swagger,,,1,1,,,
,Окружающая среда,AT-library,,1,1,1,,1,
,,Java Core,,,,2,2,2,2
,,Cucumber framework,,1,,1,1,1,
,,Spring boot framework,,,,,2,2,2
,,Selenium + Selenide,,1,,1,1,1,1
,Качество и тестирование,Debugging,,1,,2,,1,
Soft Skills,Процессы и стандарты,,,,1,,,,2
,Технические инициативы,,,,,,1,1,
,,,,,,,,1,
,Наставничество,,,,,,,2,
,,,,,,2,,,
,,Обязательные,,7,4,10,6,12,4
,,Желательные,,0,1,4,5,4,3
,,Дополнительные,,0,0,2,0,1,1
,,Опционально,,0,2,2,0,2,4
,,min passing,,7,11,22,32,49,57