Легенда навыков по грейдам,,,,,,,,,,,,
Обязательные    ,,Желательные ,Дополнительные,Опционально,Включает все предыдущие компетенции,,,,,,,
,,,,,,,,,,,,
,,,"Младший разработчик
Junior Engineer (E1)",,"Разработчик
Middle Engineer (E2)",,"Старший разработчик
Senior Engineer (E3)",,"Ведущий разработчик
Lead (Staff) Engineer (E4)",,"Главный разработчик
Principal Engineer (E5)",
,,,E1.1,E1.2,E2.1,E2.2,E3.1,E3.2,E4.1,E4.2,E5.1,E5.2
Тех. скилы,Инструменты,Git,Использование любого UI клиента Git (обязательно),"Команды git:
- branch
- commit
- push (обязательно)","Состояния git:
- working directory
- stage area
- .git directory
- что они означают, что там хранится
Команды git:
- dif
- log
- reset
Разрешение конфликтов слияния:
- merge (обязательно)","Команды git:
- fetch
- merge
- cherry-pick (обязательно)","Модели ветвлений:
- Git Flow
- GilLab Flow (GitHub Flow)
- Pull request based
Для какой организации разработки, какие модели больше подходят:
- для поддержки разных релизов
- для CI/CD
- для раздельных рапозиториев и команд

Команды git: 
- merge --no-ff
- rebase (дополнительно)",E1.1-E3.1 (включает все предыдущие компетенции),E1.1-E3.1 (включает все предыдущие компетенции),E1.1-E3.1 (включает все предыдущие компетенции),E1.1-E3.1 (включает все предыдущие компетенции),E1.1-E3.1 (включает все предыдущие компетенции)
,,,,"Команды git:
- pull
- регулярный merge изменений из основной ветки в свою feture ветку
Резрешение конфликтов слияния:
- merge (желательно)",,,,,,,,
,,Сборщики,Понимание работы webpack (желательно),Умение создавать базовый конфиг Webpack. (желательно),Работа с базовыми конфигами (обязательно),"Уметь написать ""продвинутый конфиг"" для webpack. Уметь внедрять конфиг в уже существующий код. (желательно)",E1.1-E2.2 (включает все предыдущие компетенции),E1.1-E2.2 (включает все предыдущие компетенции),E1.1-E2.2 (включает все предыдущие компетенции),E1.1-E2.2 (включает все предыдущие компетенции),E1.1-E2.2 (включает все предыдущие компетенции),E1.1-E2.2 (включает все предыдущие компетенции)
,JS-технологии,JavaScript,"-Типы данных (области использования, различия, особенности).
-Базовое понимание языка и его особенности (this, передача данных по ссылке/по значению, логические операции, особенности работы с числами, циклы)
-Работать с основными методами/свойствами строк/чисел/объектов/массивов.
-Переменные (Понимание, способы создания, различия).
-Callbacks понимать/применять на практике.
-ES6 понимать/использовать на практике (обязательно)","Замыкания и области видимости (Понимать)
-Иметь полное представление и понимание о методах объектов/массивов.(Мутабельные и иммутабельные методы)
-Геттеры/сеттеры принципы использования в JS
-Hoisting что это и зачем, как влияет use strict.
-Promises понимать/применять на практике.
-Различия промисов и колбэков, преимущества и недостатки.
-Понимать основы работы с событиями (модель распространения событий, перехват, обработка, отмена)
-ES6+ уверенное владение.

 (обязательно)","-Асинхронность в JS: процессы и потоки/конкурентность/асинхронность/event loop/job queue/async/await .
-Понимать регулярные выражения, способы создания инстанса/их методы, какие бывают флаги/квантификаторы/наборы.
-Класс(функция constructor, создание экземпляров, наследование, super, переопределение методов)
-Полиморфизм(передача аргументов в функцию)
-Чистые функции, функции высшего порядка, мутабельность и иммутабельность. приемущества/недостатки/возможные проблемы.
-Замыкания/Рекурсии.
 (обязательно)",E1.1-E2.1 (включает все предыдущие компетенции),"-Итераторы: какие существуют протоколы/зачем нужны/в чем разница с перебором массива. 
-Генераторы
-Каррирование/мемоизация
-Структуры данных: Stack, Queue, Linked List, Set, Hash Table, Tree, Trie, Graph (что из себя представляют, особенности)

 (обязательно)",E1.1-E2.2 (включает все предыдущие компетенции),E1.1-E2.2 (включает все предыдущие компетенции),E1.1-E2.2 (включает все предыдущие компетенции),E1.1-E2.2 (включает все предыдущие компетенции),E1.1-E2.2 (включает все предыдущие компетенции)
,,,,"-Дескрипторы свойств объектов(зачем и что могут)
-Keyed collections Set/Map/WeakSet/WeakMap(Понимать). (дополнительно)",,,"-JS scope: static, dynamic, runtime-augmented. (Понимать) 
-Tail call, что такое, для чего, способы оптимизации. (дополнительно)",,,,,
,,TypeScript,"- типизирование полей, аргументов существующими типами (обязательно)","- описание новых классов, абстрактных классов, интерфейсов, перечислений
- опциональные поля, аргументы
- типизация возвращаемого значения функции
- наследование
- инкапсуляция
- статичность
 (обязательно)","- дженерики
- utility types
- настройка tsconfig (обязательно)","- умение работать без типа ""any"" и ""unknown""
- TypeScript типизация npm пакетов (Как ts узнает, что есть типизация) (дополнительно)",,,,,,
,,VueJS,"Vue 2.x.x
- Структура компонента  
- Хуки жизненного цикла компонента 
- computed/methods/watchers
- props/emit
- directives


Vue-router
- уметь делать навигацию по S.P.A.

Vuex
- понимание FLUX


 (опционально)","Vue 2.x.x
- mixins 
- slots
- dynamic components
- custom directives
- render functions

Vue-router
- router hooks 

Vuex
- state/actions/getters/mutations

Nuxt.js
-понимать что такое SSR и зачем нужен
 (опционально)","Vue 2.x.x
custom directives
render functions

Vue-router
- router hooks 

Vuex
-data persistence

Nuxt.js
-config/plugins/middelwares (опционально)",E1.1-E2.1 (включает все предыдущие компетенции),E1.1-E2.1 (включает все предыдущие компетенции),E1.1-E2.1 (включает все предыдущие компетенции),E1.1-E2.1 (включает все предыдущие компетенции),E1.1-E2.1 (включает все предыдущие компетенции),E1.1-E2.1 (включает все предыдущие компетенции),E1.1-E2.1 (включает все предыдущие компетенции)
,,AngularJS,"-Понимать что такое контроллеры/фабрики/директивы, для чего используются.
-Понимать назначение ng-app/bind/model/init/class/style/controller/repeat/view/include/if/switch/show/hide.
-Понимать назначение filters, какие есть из коробки. (опционально)","-Понимание жизненного цикла приложений.
-Понимать что такое scope/Two-way Binding/Data-binding/Роутинг, как используется.
-ng-if/switch/show/hide - различия и особенности работы.
-Использовать на практике директивы и фильтры из E1.1, писать собственные.
-Уметь писать фабрики.
-Директивы событий, знать, использовать на практике.
-Сервисы: $controller, $rootScope, $window, $location, $http, $timeout, $interval, понимать, использовать на практике/писать собственные. (опционально)","-Знать AngularJS Global API, использовать на практике.
-Формы и валидация форм, знать, использовать на практике.
 (опционально)","-Быть знакомым с основными библиотеками используемыми по проектам.
-Выбор готовых angularJS-совместимых решений если среди ранее используемых нет подходящих.
-Конфигурирование проекта/приложения. (опционально)",Уметь рефакторить AngularJS приложения (опционально),E1.1-E3.1 (включает все предыдущие компетенции),E1.1-E2.2 (включает все предыдущие компетенции),E1.1-E2.2 (включает все предыдущие компетенции),E1.1-E2.2 (включает все предыдущие компетенции),E1.1-E2.2 (включает все предыдущие компетенции)
,,,,,"-Оптимизация AngularJS
Понимать основные способы/принципы оптимизации, за счёт каких действий можно ускорить приложение - применение готовых решений и/или рефакторинг. Уметь использовать готовые решения для оптимизации. (опционально)",,,,,,,
,,Angular,"Angular CLI:
- ng generate (component, service)
- ng build
- ng serve
Angular:
- работа с компонентами, сервисами (внедрение сервиса в компонент, передача данных из родительского компонента в дочерний и обратно, знание стандартов написания компонентов и сервисов)
- работа с template-driven forms
RxJS:
- понимание принципа реактивного программирования, работы с Observable,
- подписка, отписка, понимание назначения .pipe() (опционально)","Angular:
- работа с реактивными формами, умение конструировать форм группы, использование стандартных валидаций
- работа с http
- использование pipe, directive в шаблонах
- понимание принципов инкапсуляции стилей
- понимание принципа работы роутинга
- понимание жизненного цикла компонентов
RxJS:
- использование pipe (tap, map, switchMap, take, takeUntil)
- обработка ошибок
- timer, timeout, interval (опционально)","Angular:
- реактивные формы (написание своих валидаций, вложенные formGroup, formArray, умение отслеживать изменения полей и организовывать взаимосвязь между контролами)
- понимание принципов работы dependency injection, организация новых модулей
- работа с ngxTranslate
- работа с роутингом
RxJS:
- использование subject'ов
- использование остальных pipe
- операторы (опционально)","Angular:
- dependency injection (провайдинг, разделение инстансов)
- реактивные формы (асинхронные валидации, динамические формы)
- управление отслеживанием изменений
- управление рендерингом (DOM-элементами, Renderer2)
- LazyLoading
- HttpInterceptor (опционально)","Angular:
- понимание принципов организации структуры приложения
- разработка своих контролов (ControlValueAccessor)
- Понимание schematich
- анимации
RxJS:
- планировщики (опционально)","Angular:
- выбор готовых angular-совместимых решений
- разработка своих angular-совместимых решений (библиотека компонентов, подключаемые модули)
- angular service workers, PWA
- конфигурирование проекта
- переход на новую версию angular (поддержка актуальной версии)
- оптимизация сборки (опционально)",E1.1-E4.1 (включает все предыдущие компетенции),E1.1-E4.1 (включает все предыдущие компетенции),E1.1-E4.1 (включает все предыдущие компетенции),E1.1-E4.1 (включает все предыдущие компетенции)
,,React,"- Жизненный цикл компонента 
- Понимание и опыт работы с Hook, Hoc, 
- Управление состоянием (useState), передача данных через props.
- useEffect
- React Router для навигации в приложении.
- useMemo, useCallback (опционально)","- Reconciliation в React
- React key
- React.memo
- Написание кастомных Hook и Hoc
- Работа с Context
- Prop drilling и способы его избежать
- Опыт работы и понимание библиотек контроля состояния (Redux/Mobx) (опционально)","- Оптимизация производительности code splitting, ленивая загрузка
- Error Boundaries, реализация в функциональных компонентах 
- React Portal
- Глубокое понимание Redux/Mobx (опционально)","- Проектирование архитектуры React-приложений
- Написание тестов с использованием Jest и React Testing Library
- Настройка интернационализации, react-i18next
- Серверный рендеринг: React Server Components и Next.js для SSR и SSG (опционально)","- Разработка и поддержка общих библиотек компонентов для использования в нескольких проектах
- Storybook (опционально)",,,,,
,Клиентские технологии,"Верстка, CSS","HTML5, CSS3 основы, структурирование свойств, (обязательно)","Препроцессоры, гриды, флексы,  совместимость с браузерами, DOM
Дополнительные:
Знакомство с UI-kitами (bootstrap, material и/или аналогичные)","препроцессоры (SCSS конкретно), гриды, флексы, анимация, DOM.
Совместимость с браузерами (Chrome и Firefox)
Иерархия приоритетов стилей (Каскадность)
 (обязательно)","Разработка адаптивного дизайна через @media и резинового дизайна. 
CSSOM (обязательно)","Critical path CSS
Оптимизация скорости (дополнительно)",E1.1-E3.1 (включает все предыдущие компетенции),E1.1-E3.1 (включает все предыдущие компетенции),E1.1-E3.1 (включает все предыдущие компетенции),E1.1-E3.1 (включает все предыдущие компетенции),E1.1-E3.1 (включает все предыдущие компетенции)
,,,,,Знакомство с BEM (дополнительно),,,,,,,
,,Понимание работы браузера,,"Понимание DOM, что это, для чего и как работает.
 (обязательно)","Main Thread, Call Stack, Event Loop - что это, для чего, как связаны.
Порядок рендеринга.
Порядок загрузки страницы. (обязательно)","Браузерные API.
 (обязательно)","порядок рендеринга, Main Thread, Call Stack, Event Loop, браузерные API, service workers
 (обязательно)",E1.1-E3.1 (включает все предыдущие компетенции),E1.1-E3.1 (включает все предыдущие компетенции),E1.1-E3.1 (включает все предыдущие компетенции),E1.1-E3.1 (включает все предыдущие компетенции),E1.1-E3.1 (включает все предыдущие компетенции)
,,Мобильные технологии,n/a (not applicable at this level) (включает все предыдущие компетенции),n/a (not applicable at this level) (включает все предыдущие компетенции),n/a (not applicable at this level) (включает все предыдущие компетенции),"основы взаимодействия с мобильным устройством (touch-events, virtual pixel sizes, native apis - camera, gps, etc)  (желательно)",Разработка простых приложений на React Native (обязательно) (желательно),Разработка простых приложений на React Native (опционально),Разработка простых приложений на React Native (обязательно),E1.1-E4.1 (включает все предыдущие компетенции),E1.1-E4.1 (включает все предыдущие компетенции),E1.1-E4.1 (включает все предыдущие компетенции)
,,Производительность,n/a (not applicable at this level) (включает все предыдущие компетенции),Знание основных метрик производительности веб-приложений.  (обязательно) (желательно),"Знание заголовков кэширования, понимание разновидностей кэширования и их влияния (обязательно)","Оптимизация кода. Утечки памяти - обнаруживать и бороться.
Понимание оптимизации рендеринга.
Оптимизация бандла. (обязательно)","Детальный разбор и оптимизация производительности веб-приложения на основе devtools (Lighthouse).
 (обязательно)","Детальный разбор и оптимизация производительности веб-приложения на основе devtools (Lighthouse).
 (обязательно)",E1.1-E3.2 (включает все предыдущие компетенции),E1.1-E3.2 (включает все предыдущие компетенции),E1.1-E3.2 (включает все предыдущие компетенции),E1.1-E3.2 (включает все предыдущие компетенции)
,,,,"Общая оценка производительности по devtools (Network, Performance) (желательно)","Общая оценка производительности по devtools (Network, Performance) (обязательно)",Принципы оптимизации кода (обязательно),Базовая оптимизация производительности с использованием Lighthouse,Другие инструменты оценки производительности. (дополнительно),,,,
,,Безопасность,"HTTPS
 (обязательно) (включает все предыдущие компетенции)","Authentication vs Authorization - что означает и в чем отличие
Basic authentication - протокол, как работает (обязательно) (включает все предыдущие компетенции)","Внедрение кода (известно как удалённое включение файла, Remote File Inclusion)

CORS

HTTP-only cookies, новые флаги безопасности в браузерах (заголовки, флаги в куках)

Почему localStorage не безопасен.

CSP (обязательно)","Межсайтовый скриптинг (XSS)
DDOS, подбор паролей - какие есть средства защиты


Хеширование паролей, Понимание Salt и для чего нужна.

Виды авторизации для API
roave/security-advisories
Как защитить свой код, как проверить код на безопасность?

Протокол OAuth2:
- участники (user, client, auth-server, resource)
- 4 варианта, под какие кейсы подходят
- refresh token - принцип
- scopes что такое
OpenID Connect:
- отличия от OAuth2
- что определяет из OAuth2

Основы keyCloack

 (обязательно)","Настройка локального Registry
 (обязательно)","Межсайтовый скриптинг (XSS)
DDOS, подбор паролей - какие есть средства защиты


Хеширование паролей, Понимание Salt и для чего нужна.

Виды авторизации для API
roave/security-advisories
Как защитить свой код, как проверить код на безопасность?

Протокол OAuth2:
- участники (user, client, auth-server, resource)
- 4 варианта, под какие кейсы подходят
- refresh token - принцип
- scopes что такое
OpenID Connect:
- отличия от OAuth2
- что определяет из OAuth2

Основы keyCloack

 (обязательно)","Настройка локального Registry
 (обязательно)",,E2.2-E4.3 (включает все предыдущие компетенции),E2.2-E4.3 (включает все предыдущие компетенции)
,,,,,,,,Иметь представление про SQL инъекции (желательно),,,,
,БД,MongoDB,n/a (not applicable at this level) (включает все предыдущие компетенции),n/a (not applicable at this level) (включает все предыдущие компетенции),n/a (not applicable at this level) (включает все предыдущие компетенции),n/a (not applicable at this level) (включает все предыдущие компетенции),"Реляционные и нереляционные БД, отличия
Документы и коллекции, типы данных
+ CRUD операторы, sort, skip, limit, count, условные и логические операторы
Проектирование БД, модели данных, lookup
Группировка, агрегации, транзакции (обязательно)",E3.1-E3.2 (включает все предыдущие компетенции),"Репликация, шардинг
 (обязательно)",E1.1-E3.2 (включает все предыдущие компетенции),E1.1-E3.2 (включает все предыдущие компетенции),E1.1-E3.2 (включает все предыдущие компетенции)
,,Redis/ KeyDB,n/a (not applicable at this level) (включает все предыдущие компетенции),n/a (not applicable at this level) (включает все предыдущие компетенции),n/a (not applicable at this level) (включает все предыдущие компетенции),n/a (not applicable at this level) (включает все предыдущие компетенции),"Понимание принципа работы, плюсы и минусы, примеры использования

Операторы работы с данными, expire

Применение в проектах, кэширование

Применение в проектах, оптимизация, профилактика проблем (обязательно)",E3.1-E3.2 (включает все предыдущие компетенции),"Репликация, кластеризация
 (обязательно)",E1.1-E3.2 (включает все предыдущие компетенции),E1.1-E3.2 (включает все предыдущие компетенции),E1.1-E3.2 (включает все предыдущие компетенции)
,Серверные технологии,Понимание работы веб-сервера,n/a (not applicable at this level) (включает все предыдущие компетенции),"Что такое веб-сервер, для чего он, какие технологии для его реализации существуют. (опционально)","Основы Nginx. Понимание работы протокола HTTP. Какие существуют HTTP-запросы.
 (желательно)","Понимание конфига для Nginx, кэширование, логирование, проксирование, управление памятью.
 (обязательно)","Написание конфига для Nginx, кэширование, логирование, проксирование, управление памятью. (обязательно)",,E1.1-E3.1 (включает все предыдущие компетенции),E1.1-E3.1 (включает все предыдущие компетенции),E1.1-E3.1 (включает все предыдущие компетенции),E1.1-E3.1 (включает все предыдущие компетенции)
,,Node.js,n/a (not applicable at this level) (включает все предыдущие компетенции),n/a (not applicable at this level) (включает все предыдущие компетенции),"Основы Node.js. Написание приложения вроде ""Hello world!"" (желательно)","Работа с Express.js, роутинг. Подключение БД,  CRUD. Запросы, отправка форм. JSON.
Знание основ nest.js
 (желательно)",E1.1-E2.2 (включает все предыдущие компетенции),Nest.js (желательно),E1.1-E3.2 (включает все предыдущие компетенции),E1.1-E3.2 (включает все предыдущие компетенции),E1.1-E3.2 (включает все предыдущие компетенции),E1.1-E3.2 (включает все предыдущие компетенции)
,,API,n/a (not applicable at this level) (включает все предыдущие компетенции),"Основы и базовые принципы архитектуры REST
 (желательно)","REST - HTTP methods, stateless
Коды ответов сервера, заголовки
- Authorization
- Content-Type
- Content-Disposition
- User-Agent
- ETag
- Cache-Control (обязательно)",E1.1-E2.1 (включает все предыдущие компетенции),"Дополнительные:
GraphQL - Schema definition, Query, Mutation, Subscription
Работа с контрактами Pact.io (дополнительно)",,"Следить за актуальностью swagger
 (обязательно)",,E1.1-E3.2 (включает все предыдущие компетенции),E1.1-E3.2 (включает все предыдущие компетенции)
,,"Docker, CI",n/a (not applicable at this level) (включает все предыдущие компетенции),n/a (not applicable at this level) (включает все предыдущие компетенции),n/a (not applicable at this level) (включает все предыдущие компетенции),"Понимание принципов и задач CI/CD.
Основы Docker, что такое Docker Image, Docker Volumes. Консольные команды для работы с ними.
 (желательно)",Знание и умение писать Gitlab CI (обязательно),"Возможность написать минимальный конфиг, чтобы билд фронтового приложения располагался внутри Docker-контейнера. (обязательно)","Умение писать конфиги для деплоя микросервисного приложения с возможностью запуска на сервере, зная только доступные порты.
 (обязательно)",E3.1-E3.2 (включает все предыдущие компетенции),E3.1-E3.2 (включает все предыдущие компетенции),E3.1-E3.2 (включает все предыдущие компетенции)
,Рабочие практики,Coding & Refactoring,n/a (not applicable at this level) (включает все предыдущие компетенции),"Чистый код: 
- наименование классов, методов, переменных 
- должны отображать смысл решаемой проблемы, намерения разработчика
- компактные методы (обязательно)","Рефакторинг в пределах одной единицы (функция, метод, класс) 
Code Style - соблюдать принятый в проекте (обязательно)","Использование паттернов:
- Factory, Singleton, Decorator

DRY, KISS, YAGNI:
- общее понимание (желательно)",Умение проводить рефакторинг в рамках модуля. (обязательно),"""-Патерны проектирования в JS Creational/Structural/Behavioral (Constructor, Mediator, Module, Command, Factory, Observer, Singletion, Decorator, Fasade - какие к чему относятся, иметь понимание и представление самих патернов. 

SOLID:
- OCP (Open Close Principle - O из SOLID) - применение при создании классов
- ISO (Interface Segregation Principle - I из SOLID) - применение при проектировании интерфейсов
- DIP (Dependency Injection Principle - D из SOLID) - применение при проектировании зависимостей классов
- LSP (Liskov Substitutio Principle - L из SOLID) - применение при проектированиие зависимостей классов""
 (желательно)","Реинжиниринг (смена фреймворков, парадигм, разделение монорепозиториев на несколько независимых приложений)
 (обязательно)",E3.1-E3.2 (включает все предыдущие компетенции),"""GRASP (general responsibility assignment software patterns):
- Informational Expert (Информационный эксперт)
- Creator (Создатель)
- Controller (Контроллер)
- Low Coupling (Слабое зацепление)
- High Cohesion (Высокая связность)
- Polymorphism (Полиморфизм)
- Pure Fabrication (Чистая выдумка)
- Indirection (Посредник)
- Protected Variations (Устойчивость к изменениям)
Связь GRASP с GoF, DRY, SOLID, DDD:
- с помощью чего покрываются 9 принципов""
 (желательно)",E1.1-E5.1 (включает все предыдущие компетенции)
,,,,,"Чистый код: - комментирование классов - не то что делает, а какую проблему решает (намерение, а не реализация) - хорошие vs плохие коментарии 
Понятие о SOLID
Понятие о паттернах(Factory, Singleton, Decorator)  (желательно)",,"- Представление о цикломатической сложности. Уметь рассчитать значение для метода с точностью до порядка
- полиморфизм из ООП (желательно)",,,,,
,,Testing,n/a (not applicable at this level) (включает все предыдущие компетенции),"Test Pyramid - знать, что это такое.
 (желательно)","Умение писать тесты.

Test Pyramid - понимать иерархию, иногда следовать принципам при написании тестов.
Уметь обеспечивать частичное покрытие разрабатываемго функционала unit-тестами 

 (желательно)","Test Pyramid - понимать иерархию, часто следовать принципам при написании тестов.
Уметь полностью покрыть unit-тестами разрабатываемый функционал. positive, negative сценарии.

Инструменты для тестирования в браузере (снепшоты) и без браузера (jsdom)

Mock - использование для unit-тестов. (желательно)","Test Pyramid - постоянное следование принципам при написании тестов.
Mock, Spy, Stub - различия и понимать где что нужно применять.
Ревью покрытия тестами задач Junior-a и Middle-а. (обязательно)","Test Pyramid - постоянное следование принципам при написании тестов.
Mock, Spy, Stub - различия и понимать где что нужно применять.
Ревью покрытия тестами задач Junior-a и Middle-а. (обязательно)",E2E Тестирование (обязательно),Покрытие кода тестами - unit и E2E (обязательно) (включает все предыдущие компетенции),E1.2-E4.1 (включает все предыдущие компетенции),E1.2-E4.1 (включает все предыдущие компетенции)
,,Debugging,n/a (not applicable at this level) (включает все предыдущие компетенции),"Использовать простые инструменты IDE и браузера:
- breackpoint
- навигация по коду при отладке:
-- step over
-- step in
-- step out
- watches (обязательно)","Поиск причин, а не лечение симптомов
- вывод и чтение stacktrace

Использовать простые инструменты IDE:
- breackpoint с условиями
- изменение значений переменных в runtime
- сброс фрейма (обязательно)","Поиск причин, а не лечение симптомов: - подход бинарного поиска (делим код на 2 части, дебажим одну, дальше делим часть в которой нашли еще на 2) - подход упрощения проблемы - убираем части кода, в которых нет бага. Пример fun f() = (g();h();k()) убираем вызовы g и h, так как баг проявляется в k. И так далее в глубину (обязательно)",E1.1-E2.2 (включает все предыдущие компетенции),E1.1-E2.2 (включает все предыдущие компетенции),"Поиск причин, а не лечение симптомов
Комплексное применение инструментов мониторинга и отладки:
- логи (файлы и ELK)
- метрики (Grafana)
- аггрегатор ошибок (sentry)
 (обязательно) (включает все предыдущие компетенции)","Поиск причин, а не лечение симптомов
Комплексное применение инструментов мониторинга и отладки:
- логи (файлы и ELK)
- метрики (Grafana)
- аггрегатор ошибок (sentry)
 (обязательно)",E1.1-E4.2 (включает все предыдущие компетенции),E1.1-E4.2 (включает все предыдущие компетенции)
,,Monitoring,n/a (not applicable at this level) (включает все предыдущие компетенции),n/a (not applicable at this level) (включает все предыдущие компетенции),n/a (not applicable at this level) (включает все предыдущие компетенции),n/a (not applicable at this level) (включает все предыдущие компетенции),"Построение дашбордов в Grafana
Prometheus - стандартный мониторинг (обязательно)",Sentry (желательно),E1.1-E3.2 (включает все предыдущие компетенции),E1.1-E3.2 (включает все предыдущие компетенции),E1.1-E3.2 (включает все предыдущие компетенции),E1.1-E3.2 (включает все предыдущие компетенции)
,,Software Design & Architecture,n/a (not applicable at this level) (включает все предыдущие компетенции),n/a (not applicable at this level) (включает все предыдущие компетенции),n/a (not applicable at this level) (включает все предыдущие компетенции),Алгоритмическая сложность (обязательно),"Clean Architecture - знание:
- что такое
- какие слои есть
- направление потока данных
- направление зависимостей в слоях (дополнительно)","Что такое:
- Monolithic Architecure
- Service Oriented Architecture
- Microservices Architecture
Основные термины, участники, способы взаимодействия. Плюсы и минусы подходов.
Clean Architecture - часто применяет (дополнительно)","Clean Architecture - постоянно применяет


Архитектура приложения:
Паттерны MVC, MVVM, MVP (желательно)",E1.1-E3.2 (включает все предыдущие компетенции),"Паттерны микросервисной архитектуры:
- Deployment patterns (serverless в частности)
- External API (API Gateway)
- Observability
- Service discovery
- Communication style (более глубоко)
- Idempotent Consumer - еще раз и реальные применения
- Reliability
- Security (желательно)","Event Sourcing - идея, подход, поток данных CQRS Domain Event (желательно)"
Софт скилы,Процессы и стандарты,,"Уточнение всего с техническим наставником: инициативы, решения, вопросы и т.д. (обязательно)",E1.1 (включает все предыдущие компетенции),Самостоятельное решение вопросов. (обязательно),E1.1-E2.1 (включает все предыдущие компетенции),"Отсутствие багов в sentry
 (обязательно)","Взаимодествие с ПМом, подсвечивание проблем в проекте, ответственность за рефакторинг проекта
Инициативы по изменению технологий и правил разработки (обязательно)",Проработка стандартов и правил разработки (обязательно),Разбор инцидентов и проработанные способы их предотвращения (обязательно),Внедрение стандартов и правил разработки (обязательно),E2.2-E5.1 (включает все предыдущие компетенции)
,Инициативы,Улучшения,n/a (not applicable at this level) (включает все предыдущие компетенции),n/a (not applicable at this level) (включает все предыдущие компетенции),Предложения по развитию своего проекта (конкретные задачи/решения взятые в работу) (желательно),Разработка универсальных и полезных решений в своем проекте (дополнительно),,Инициирование внедрения технических решений в другие проекты (по согласованию с архитекторами) (обязательно),,E1.1-E3.2 (включает все предыдущие компетенции),E1.1-E3.2 (включает все предыдущие компетенции),E1.1-E3.2 (включает все предыдущие компетенции)
,,Техкомы,n/a (not applicable at this level) (включает все предыдущие компетенции),n/a (not applicable at this level) (включает все предыдущие компетенции),n/a (not applicable at this level) (включает все предыдущие компетенции),"- Инициирование обсуждений на техкомах с предложениями решений (учитываются взятые в работу по согласованию с архитекторами)
- Проведение техкомов на технические темы (результаты применения новых инструментов, подходов) (желательно)",,"- Инициирование обсуждений на техкомах с предложениями решений (учитываются взятые в работу по согласованию с архитекторами)
- Проведение техкомов на технические темы (результаты применения новых инструментов, подходов)",,E3.1-E3.2 (включает все предыдущие компетенции),E3.1-E3.2 (включает все предыдущие компетенции),E3.1-E3.2 (включает все предыдущие компетенции)
,Обучение,Наставничество,n/a (not applicable at this level) (включает все предыдущие компетенции),n/a (not applicable at this level) (включает все предыдущие компетенции),n/a (not applicable at this level) (включает все предыдущие компетенции),Наставничество в своей команде (опционально),,"Развитие и обучение сотрудников:
- рекомендации по изучению технологий
- проведение семинаров / техкомов / консультаций
- сбор обратной связи по знаниям
 (обязательно)",,E3.1-E3.2 (включает все предыдущие компетенции),E3.1-E3.2 (включает все предыдущие компетенции),E3.1-E3.2 (включает все предыдущие компетенции)
,,Сертификация,n/a (not applicable at this level) (включает все предыдущие компетенции),n/a (not applicable at this level) (включает все предыдущие компетенции),n/a (not applicable at this level) (включает все предыдущие компетенции),n/a (not applicable at this level) (включает все предыдущие компетенции),n/a (not applicable at this level) (включает все предыдущие компетенции),Проведение аттестаций (желательно),,E4.2-E4.3 (включает все предыдущие компетенции),E4.2-E4.3 (включает все предыдущие компетенции),E4.2-E4.3 (включает все предыдущие компетенции)